normalized_number,name,category
+74957754747,Сбербанк,bank
+78005553535,Сбербанк,bank
+78007002000,Сбербанк Премьер,bank
+78007009970,Сбербанк Бизнес,bank
+79037672233,Сбербанк SMS,bank
+79163100000,Сбербанк SMS,bank
+78007009567,Сбербанк,bank
+78007008006,ВТБ,bank
+78001002424,ВТБ,bank
+74957777777,ВТБ Москва,bank
+78002002326,ВТБ,bank
+78002003477,Тинькофф,bank
+74957711111,Тинькофф,bank
+78007552550,Тинькофф,bank
+78002005075,Альфа-Банк,bank
+74956264444,Альфа-Банк,bank
+78002000000,Альфа-Банк,bank
+78007007535,Райффайзенбанк,bank
+74957777772,Райффайзенбанк,bank
+78007006003,Газпромбанк,bank
+74957950505,Газпромбанк,bank
+78001004700,Открытие,bank
+78007007858,Совкомбанк,bank
+78103003003,Совкомбанк,bank
+78002223500,Совкомбанк,bank
+78007001412,Хоум Кредит,bank
+74957144444,Хоум Кредит,bank
+78007008070,ОТП Банк,bank
+74957999090,ОТП Банк,bank
+78002003000,УБРиР,bank
+78007004004,Ренессанс Кредит,bank
+74956444444,МТС Банк,bank
+78002500890,МТС Банк,bank
+78007009100,Восточный,bank
+74957888888,Россельхозбанк,bank
+78002508025,Россельхозбанк,bank
+78003002000,Росбанк,bank
+74957976767,Росбанк,bank
+78005552550,Почта Банк,bank
+74956262424,Почта Банк,bank
+78002001292,ВТБ24,bank
+74952409112,МКБ,bank
+78007004444,Кредит Европа Банк,bank
+74957953333,Кредит Европа Банк,bank
+78002005333,Промсвязьбанк,bank
+74957770000,Промсвязьбанк,bank
+78007008888,Бинбанк,bank
+74957788888,Бинбанк,bank
+78007003030,Абсолют Банк,bank
+74957755500,Абсолют Банк,bank
+78007007010,ЮниКредит Банк,bank
+74957710000,ЮниКредит Банк,bank
+78007007777,Дельтакредит,bank
+74957755557,Ситибанк,bank
+78007008980,Ситибанк,bank
+78007004591,Кредит Москва,bank
+78007007700,МИБ,bank
+74957755555,МИБ,bank
+78007007070,Локо-Банк,bank
+74957777788,Локо-Банк,bank
+78007004141,Металлинвестбанк,bank
+78007005555,Еврофинанс Моснарбанк,bank
+78007001111,Росевробанк,bank
+78007008080,Банк Зенит,bank
+74957777711,Банк Зенит,bank
+78007006060,Банк Санкт-Петербург,bank
+78123300505,Банк Санкт-Петербург,bank
+78007005050,Транскапиталбанк,bank
+78007004040,Агропромкредит,bank
+78007002020,Банк Интеза,bank
+78007009090,Кузнецкий Банк,bank
+78007006666,Национальный Стандарт,bank
+78007004440,Таврический Банк,bank
+78007003333,Нейва,bank
+78007001717,Снежинский Банк,bank
+78007001515,Дальневосточный Банк,bank
+78007001313,Челябинвестбанк,bank
+78007001212,АТБ,bank
+78007001616,Сургутнефтегазбанк,bank
+78007001818,Запсибкомбанк,bank
+78007001919,Банк Хакасии,bank
+78007002121,Банк Ермак,bank
+78007002222,Банк Оренбург,bank
+78007002323,ИТ Банк,bank
+78007002525,Банк Казани,bank
+78007002626,Саровбизнесбанк,bank
+78007002727,Новикомбанк,bank
+78007002828,Банк Кузнецкий,bank
+78007002929,Банк Вологжанин,bank
+78007003131,Банк Славия,bank
+78007003232,Банк Века,bank
+78007003434,Банк Резерв,bank
+78007003535,Банк Сибирь,bank
+78007003636,Банк СДМ,bank
+78007003737,Банк Норвик,bank
+78007003838,Банк Аверс,bank
+78007003939,Банк Образование,bank
+74956444444,МТС поддержка,support
+78003330890,МТС,support
+78002500890,МТС,support
+74957975858,Билайн поддержка,support
+78007000611,Билайн,support
+78007000838,Билайн,support
+74956361111,МегаФон поддержка,support
+78005500500,МегаФон,support
+78005500501,МегаФон,support
+78127008000,МегаФон СПб,support
+78005550611,Теле2,support
+74957274000,Ростелеком,support
+78003330858,Ростелеком,support
+78001008000,Ростелеком,support
+74957274949,Ростелеком,support
+78005001600,МТС Дом Ру,support
+78003334400,Ростелеком Интернет,support
+78007008003,Йота,support
+74956440000,Йота Москва,support
+78005500800,МегаФон Йота,support
+78001000068,ФНС,government
+78002222222,ФНС,government
+74959815605,ФССП,government
+78005557755,ФМС/МВД,government
+74956948300,МВД справка,government
+74956670299,МВД,government
+78007009999,МВД России,government
+78002501396,МВД России,government
+78007002020,Госуслуги,government
+74957715555,Госуслуги,government
+78002007001,Госуслуги,government
+74957770544,МФЦ Москва,government
+78005500550,Пенсионный фонд,government
+74959870220,Пенсионный фонд,government
+78007000004,Росреестр,government
+78007000005,Росреестр,government
+74957771010,Росреестр,government
+78007004040,Росздравнадзор,government
+78002000001,Росздравнадзор,government
+78002000002,Роспотребнадзор,government
+78002000003,Роспотребнадзор,government
+78007006060,Росатом,government
+78007007070,Роскосмос,government
+78007001010,Росавтодор,government
+78007001111,Росавиация,government
+78007001212,Росжелдор,government
+78007001313,Росморречфлот,government
+78007001414,Россельхознадзор,government
+78007001515,Рыболовство,government
+78007001616,Роснедра,government
+78007001717,Росводресурсы,government
+78007001818,Рослесхоз,government
+78007001919,Роскомнадзор,government
+7101,Пожарная,emergency
+7102,Полиция,emergency
+7103,Скорая помощь,emergency
+7104,МЧС,emergency
+7112,Единый номер экстренных служб,emergency
+74959885655,МЧС России,emergency
+78005557755,МЧС горячая линия,emergency
+74956942222,Скорая помощь Москва,emergency
+74956943333,Пожарная Москва,emergency
+74956944444,Полиция Москва,emergency
+78001000800,РЖД,support
+78007753535,РЖД,support
+78005551312,РЖД,support
+74952624060,РЖД,support
+78007007575,РЖД,support
+78002500090,Аэрофлот,support
+74957215550,Аэрофлот,support
+78007009966,Аэрофлот,support
+78007008888,С7 Airlines,support
+74957778888,С7 Airlines,support
+78007003030,Уральские Авиалинии,support
+78007005555,Победа,support
+74957886777,Победа,support
+78007007007,Россия авиалинии,support
+74957773377,Россия авиалинии,support
+78007002525,UTair,support
+74957774777,UTair,support
+78007005050,Nordwind,support
+74957778877,Nordwind,support
+78007008080,Red Wings,support
+78007009090,NordStar,support
+78007003535,Алроса,support
+78007002020,Ямал,support
+78007004040,Азимут,support
+78007006060,Икар,support
+78007004545,ИрАэро,support
+78007009595,Оренбуржье,support
+78007009999,Ангара,support
+78007001515,СиЛА,support
+78007001717,Комиавиатранс,support
+78007001919,Хабаровские авиалинии,support
+78001000000,Яндекс Такси,support
+74957770222,Яндекс Такси,support
+78003331133,Яндекс Такси,support
+78007001010,Яндекс Go,support
+78007005556,Озон,support
+74957995555,Озон,support
+78007004444,Wildberries,support
+74957998888,Wildberries,support
+78007001116,Мегамаркет,support
+78007001117,Ламода,support
+78007001118,СберМегаМаркет,support
+78007001119,Авито,support
+78007001120,Юла,support
+78007001121,Циан,support
+78007001122,Авто.ру,support
+78007001123,Домклик,support
+78007001125,HeadHunter,support
+78007001126,SuperJob,support
+78007001127,Работа.ру,support
+78007008889,СберЛогистика,support
+78007009998,СберМаркет,support
+78007009997,СберЕаптека,support
+78007009996,СберЗдоровье,support
+78007009995,СберАвто,support
+78007009994,СберПрайм,support
